,DM
0,17.21
1,17.56
2,14.6
3,15.66
4,15.07
5,17.54
6,19.38
7,12.87
8,13.6
9,11.98
10,16.94
11,15.22
12,17.33
13,16.66
14,16.82
15,14.17
16,13.71
17,16.42
18,16.12
19,14.18
20,17.3
21,14.01
22,16.16
23,16.45
24,15.43
25,18.0
26,16.58
27,13.79
28,16.16
29,19.02
30,17.32
31,13.84
32,16.59
33,15.89
34,17.85
35,14.79
36,13.85
37,13.8
38,16.18
39,12.47
40,16.27
41,17.47
42,15.7
43,15.07
44,14.43
45,13.21
46,17.2
47,17.67
48,18.44
49,16.46
50,14.91
51,14.97
52,15.12
53,15.65
54,13.98
55,16.72
56,15.61
57,14.74
58,15.29
59,15.03
60,15.67
61,14.58
62,14.74
63,16.21
64,16.71
65,17.08
66,15.26
67,17.12
68,16.16
69,19.64
70,13.16
71,13.69
72,15.95
73,16.88
74,15.64
75,15.07
76,16.52
77,16.83
78,14.74
79,16.69
80,17.62
81,16.61
82,15.54
83,17.0
84,15.45
85,16.2
86,15.72
87,17.52
88,15.99
89,14.72
90,15.93
91,17.5
92,15.13
93,14.76
94,13.15
95,13.89
96,13.54
97,18.3
98,14.02
99,16.12
100,24.36
101,16.8
102,13.64
103,15.53
104,16.68
105,15.7
106,15.9
107,17.12
108,17.84
109,13.96
110,15.7
111,16.47
112,15.65
113,16.48
114,15.17
115,13.64
116,15.13
117,20.19
118,12.86
119,17.94
120,15.47
121,15.63
122,14.14
123,16.18
124,17.14
125,18.56
126,19.02
127,17.34
128,14.38
129,16.65
130,16.41
131,14.35
132,16.66
133,14.52
134,15.99
135,13.37
136,17.93
137,15.02
138,15.65
139,14.8
140,14.43
141,12.9
142,12.54
143,15.47
144,15.56
145,16.49
146,16.37
147,15.9
148,15.64
149,16.61
150,15.01
151,15.32
152,16.43
153,17.4
154,12.22
155,14.29
156,17.89
157,17.83
158,15.03
159,15.65
160,14.99
161,17.17
162,15.66
163,13.89
164,12.93
165,17.9
166,14.63
167,13.77
168,16.88
169,15.91
170,16.55
171,16.42
172,13.95
173,15.54
174,12.21
175,18.46
176,12.99
177,16.43
178,17.66
179,15.11
180,16.36
181,17.16
182,15.02
183,15.1
184,14.76
185,15.04
186,15.62
187,17.03
188,15.07
189,19.4
190,14.15
191,14.9
192,18.15
193,14.66
194,15.77
195,16.04
196,17.54
197,14.25
198,17.0
199,14.52
200,14.54
201,13.22
202,18.03
203,12.34
204,15.24
205,14.29
206,14.94
207,15.16
208,15.9
209,16.14
210,14.43
211,16.71
212,16.41
213,13.8
214,16.08
215,18.18
216,16.82
217,15.61
218,15.35
219,16.35
220,18.31
221,15.16
222,15.61
223,15.79
224,14.95
225,12.13
226,15.76
227,12.54
228,14.01
229,16.16
230,14.04
231,15.95
232,14.52
233,16.78
234,11.61
235,17.63
236,13.8
237,15.96
238,17.17
239,13.04
240,17.45
241,14.24
242,15.19
243,14.35
244,19.66
245,16.06
246,15.44
247,15.01
248,13.98
249,18.91
250,17.11
251,15.7
252,15.31
253,13.12
254,15.2
255,12.22
256,16.3
257,16.9
258,14.26
259,17.07
260,20.06
261,14.95
262,14.85
263,14.77
264,13.11
265,16.23
266,17.88
267,15.4
268,15.33
269,15.33
270,13.39
271,15.53
272,14.62
273,14.11
274,15.27
275,16.87
276,15.82
277,16.18
278,14.58
279,16.07
280,12.22
281,16.57
282,16.24
283,13.08
284,13.33
285,17.41
286,15.23
287,16.98
288,13.04
289,16.78
290,15.12
291,15.08
292,17.59
293,14.76
294,15.29
295,17.33
296,16.59
297,17.68
298,16.67
299,15.63
300,18.44
301,15.52
302,16.9
303,14.59
304,15.95
305,16.51
306,14.66
307,14.43
308,14.56
309,15.7
310,15.55
311,15.76
312,15.8
313,15.73
314,13.97
315,14.98
316,14.78
317,16.1
318,14.37
319,14.66
320,13.86
321,16.34
322,15.51
323,14.5
324,12.33
325,16.12
326,17.29
327,14.82
328,13.75
329,16.94
330,15.28
331,15.87
332,13.72
333,16.3
334,14.14
335,14.45
336,16.71
337,14.85
338,15.89
339,15.15
340,13.81
341,13.57
342,15.81
343,14.18
344,15.44
345,15.3
346,15.53
347,16.3
348,14.51
349,16.3
350,17.2
351,13.14
352,14.16
353,15.01
354,17.83
355,15.69
356,15.81
357,14.24
358,16.23
359,15.09
360,12.86
361,14.07
362,16.32
363,16.18
364,14.82
365,17.94
366,15.02
367,15.79
368,13.98
369,15.12
370,13.35
371,14.3
372,20.79
373,12.79
374,12.88
375,14.69
376,14.41
377,18.49
378,15.88
379,15.13
380,13.05
381,12.62
382,16.33
383,12.72
384,15.29
385,18.37
386,16.16
387,19.92
388,16.7
389,16.36
390,16.47
391,16.3
392,17.88
393,14.09
394,19.03
395,13.54
396,17.68
397,17.32
398,15.45
399,15.21
400,12.8
401,14.58
402,16.73
403,15.55
404,14.71
405,14.24
406,14.79
407,16.92
408,16.75
409,14.77
410,14.52
411,13.81
412,15.53
413,13.95
414,14.05
415,14.17
416,14.61
417,18.56
418,14.65
419,13.64
420,15.76
421,13.57
422,14.42
423,16.99
424,14.25
425,12.23
426,13.56
427,15.03
428,15.53
429,12.22
430,13.13
431,14.49
432,14.44
433,16.23
434,16.06
435,16.52
436,15.23
437,16.11
438,15.83
439,13.41
440,15.54
441,13.0
442,15.69
443,16.79
444,16.54
445,14.58
446,15.44
447,12.84
448,15.2
449,13.7
450,16.37
451,16.63
452,15.65
453,16.75
454,14.12
455,17.43
456,15.96
457,16.26
458,15.97
459,14.64
460,18.05
461,15.26
462,15.62
463,13.12
464,15.16
465,14.27
466,12.9
467,16.12
468,14.34
469,16.59
470,18.22
471,15.61
472,13.9
473,16.2
474,14.67
475,15.34
476,14.67
477,17.72
478,13.17
479,15.13
480,22.13
481,15.27
482,16.35
483,16.73
484,13.92
485,13.95
486,16.95
487,16.2
488,17.0
489,16.64
490,15.1
491,14.35
492,16.18
493,12.26
494,15.66
495,16.69
496,16.22
497,15.24
498,17.06
499,15.37
500,14.77
501,17.89
502,14.43
503,12.08
504,14.22
505,15.14
506,13.59
507,18.97
508,17.15
509,18.7
510,14.39
511,12.34
512,16.4
513,14.92
514,17.64
515,13.52
516,12.33
517,16.07
518,15.24
519,15.36
520,15.32
521,17.6
522,16.24
523,15.21
524,15.69
525,17.44
526,14.21
527,16.46
528,17.77
529,15.68
530,16.48
531,16.44
532,12.55
533,15.16
534,13.03
535,12.34
536,14.71
537,14.7
538,14.61
539,21.33
540,13.23
541,14.78
542,15.85
543,18.4
544,16.34
545,17.26
546,12.8
547,16.2
548,17.99
549,14.76
550,17.27
551,18.08
552,12.73
553,15.98
554,18.08
555,12.9
556,15.57
557,14.53
558,16.58
559,15.27
560,15.93
561,14.51
562,14.94
563,15.63
564,17.37
565,16.72
566,16.43
567,17.72
568,15.33
569,15.52
570,17.17
571,17.32
572,14.33
573,15.49
574,15.08
575,13.6
576,13.12
577,16.67
578,16.97
579,16.79
580,13.9
581,14.34
582,16.93
583,15.91
584,15.77
585,17.68
586,13.13
587,13.87
588,15.0
589,14.08
590,18.46
591,17.49
592,14.68
593,15.49
594,16.45
595,15.62
596,17.35
597,14.87
598,16.3
599,13.54
600,15.74
601,15.57
602,14.06
603,17.18
604,17.06
605,15.74
606,16.32
607,15.1
608,13.04
609,17.59
610,14.93
611,16.18
612,14.75
613,14.26
614,14.17
615,14.89
616,16.81
617,14.41
618,15.17
619,13.86
620,12.87
621,13.1
622,18.47
623,14.4
624,13.01
625,13.14
626,18.74
627,15.39
628,18.01
629,13.87
630,14.9
631,16.02
632,15.09
633,14.58
634,15.08
635,13.54
636,17.73
637,17.12
638,15.84
639,16.48
640,13.25
641,13.27
642,15.4
643,15.6
644,16.55
645,14.07
646,14.6
647,17.56
648,13.54
649,13.95
650,14.3
651,15.2
652,13.39
653,13.09
654,16.66
655,15.04
656,15.07
657,18.27
658,16.37
659,16.51
660,18.16
661,13.91
662,16.1
663,16.73
664,14.12
665,15.48
666,16.71
667,15.39
668,20.13
669,14.48
670,13.31
671,15.11
672,15.01
673,16.56
674,15.11
675,14.43
676,14.21
677,14.64
678,16.1
679,17.12
680,17.46
681,14.46
682,14.36
683,15.42
684,13.47
685,16.8
686,14.25
687,13.58
688,16.93
689,13.12
690,19.24
691,12.6
692,17.68
693,16.7
694,13.57
695,17.72
696,15.12
697,16.73
698,15.87
699,13.13
700,18.02
701,13.8
702,16.35
703,15.29
704,17.25
705,16.45
706,13.16
707,17.11
708,15.65
709,15.34
710,20.83
711,17.66
712,13.79
713,13.11
714,15.02
715,17.92
716,13.33
717,14.2
718,16.52
719,15.24
720,15.88
721,17.54
722,16.18
723,15.67
724,16.22
725,13.09
726,14.82
727,14.21
728,14.22
729,12.04
730,15.03
731,14.76
732,14.59
733,15.2
734,16.86
735,17.46
736,16.3
737,14.75
738,15.31
739,15.37
740,18.11
741,13.33
742,14.9
743,18.18
744,15.65
745,16.58
746,13.54
747,13.23
748,16.53
749,18.07
750,13.68
751,14.77
752,15.8
753,16.92
754,14.74
755,15.42
756,14.67
757,16.47
758,17.87
759,14.42
760,16.67
761,14.59
762,15.05
763,15.35
764,15.52
765,14.47
766,14.38
767,12.43
768,13.19
769,13.54
770,16.45
771,16.8
772,16.47
773,15.79
774,17.98
775,16.51
776,15.06
777,12.69
778,14.98
779,15.03
780,16.12
781,15.12
782,16.2
783,14.47
784,15.22
785,15.41
786,15.08
787,15.5
788,13.72
789,13.33
790,16.05
791,20.17
792,15.33
793,14.93
794,14.38
795,15.44
796,14.93
797,15.26
798,14.44
799,17.8
800,15.09
801,16.67
802,16.1
803,16.01
804,15.1
805,15.52
806,15.45
807,15.68
808,17.66
809,16.59
810,13.74
811,16.39
812,13.13
813,14.38
814,16.23
815,14.96
816,15.2
817,15.35
818,16.0
819,16.99
820,15.02
821,14.71
822,15.23
823,15.95
824,14.22
825,16.64
826,15.62
827,16.83
828,17.63
829,14.93
830,14.83
831,15.15
832,15.79
833,14.97
834,15.7
835,15.76
836,13.3
837,16.41
838,16.32
839,16.45
840,16.32
841,13.81
842,15.82
843,16.52
844,18.23
845,15.03
846,14.86
847,18.22
848,16.63
849,14.8
850,17.14
851,16.27
852,16.52
853,15.59
854,15.57
855,13.93
856,16.6
857,15.45
858,16.76
859,14.21
860,15.79
861,11.79
862,18.16
863,13.82
864,17.08
865,14.76
866,16.14
867,13.77
868,12.93
869,15.27
870,15.16
871,16.85
872,16.55
873,15.49
874,13.8
875,14.64
876,14.34
877,16.59
878,15.52
879,17.25
880,17.83
881,16.03
882,17.49
883,16.75
884,16.71
885,15.75
886,13.85
887,16.94
888,17.88
889,16.46
890,15.78
891,14.74
892,14.47
893,14.64
894,16.6
895,15.14
896,17.67
897,15.69
898,19.02
899,14.12
900,16.38
901,12.56
902,15.6
903,14.11
904,14.67
905,15.8
906,16.5
907,12.33
908,16.68
909,14.62
910,16.14
911,14.14
912,14.56
913,14.61
914,17.24
915,13.59
916,14.38
917,16.92
918,15.72
919,16.91
920,15.64
921,17.04
922,13.89
923,18.08
924,12.58
925,16.71
926,13.87
927,16.53
928,14.48
929,15.74
930,13.4
931,15.12
932,15.06
933,15.07
934,15.29
935,16.22
936,14.26
937,20.16
938,16.08
939,15.91
940,16.35
941,13.03
942,13.96
943,15.31
944,14.87
945,15.5
946,16.46
947,14.65
948,17.43
949,12.68
950,15.09
951,14.55
952,17.43
953,15.6
954,15.54
955,16.93
956,17.63
957,16.24
958,15.79
959,12.98
960,17.31
961,16.4
962,14.74
963,16.46
964,17.27
965,17.04
966,13.72
967,15.49
968,12.58
969,16.7
970,17.17
971,13.61
972,15.83
973,14.33
974,16.8
975,14.85
976,16.39
977,15.92
978,15.3
979,15.33
980,15.59
981,16.14
982,12.99
983,15.66
984,17.62
985,13.74
986,16.31
987,13.49
988,16.04
989,14.84
990,16.58
991,15.92
992,16.66
993,14.85
994,17.75
995,14.91
996,15.1
997,16.4
998,16.68
999,14.87
1000,18.17
1001,12.96
1002,13.26
1003,15.58
1004,15.39
1005,14.82
1006,15.93
1007,14.24
1008,14.51
1009,14.55
1010,19.79
1011,15.36
1012,14.82
1013,14.41
1014,13.19
1015,16.57
1016,15.75
1017,18.22
1018,14.09
1019,15.48
1020,12.64
1021,20.01
1022,16.98
1023,20.52
1024,17.05
1025,13.14
1026,13.39
1027,14.84
1028,14.64
1029,14.89
1030,15.49
1031,13.5
1032,14.73
1033,16.18
1034,15.65
1035,15.17
1036,14.51
1037,13.26
1038,14.79
1039,14.4
1040,16.56
1041,17.16
1042,15.82
1043,12.81
1044,13.7
1045,15.13
1046,16.55
1047,15.79
1048,13.9
1049,17.16
1050,12.71
1051,15.26
1052,15.49
1053,16.16
1054,15.47
1055,13.81
1056,16.67
1057,15.58
1058,15.46
1059,15.17
1060,15.56
1061,15.29
1062,17.87
1063,17.97
1064,16.52
1065,15.87
1066,17.16
1067,15.55
1068,12.67
1069,16.2
1070,14.5
1071,13.3
1072,15.08
1073,14.31
1074,13.15
1075,16.13
1076,15.92
1077,16.76
1078,13.04
1079,17.6
1080,15.42
1081,14.38
1082,15.82
1083,16.75
1084,14.72
1085,12.32
1086,14.8
1087,15.21
1088,14.38
1089,17.62
1090,15.98
1091,15.68
1092,16.63
1093,13.99
1094,18.07
1095,14.57
1096,17.16
1097,13.95
1098,14.06
1099,16.24
1100,17.41
1101,16.73
1102,14.07
1103,14.43
1104,15.05
1105,16.83
1106,16.41
1107,14.43
1108,16.75
1109,15.34
1110,17.5
1111,14.08
1112,16.22
1113,15.29
1114,16.51
1115,15.36
1116,16.19
1117,15.52
1118,14.05
1119,13.8
1120,15.22
1121,17.16
1122,15.49
1123,16.21
1124,15.02
1125,16.61
1126,15.03
1127,16.24
1128,18.7
1129,16.58
1130,19.16
1131,16.43
1132,14.22
1133,16.06
1134,15.24
1135,16.93
1136,18.69
1137,18.75
1138,17.45
1139,9.25
1140,14.83
1141,8.03
1142,15.07
1143,18.86
1144,15.92
1145,7.85
1146,16.04
1147,7.51
1148,7.96
1149,16.26
1150,14.01
1151,14.74
1152,17.24
1153,15.03
1154,20.2
1155,16.27
1156,18.59
1157,15.29
1158,15.61
1159,18.76
1160,15.05
1161,15.92
1162,21.08
1163,16.9
1164,16.27
1165,15.88
1166,18.55
1167,16.09
1168,16.9
1169,15.19
1170,17.64
1171,8.16
1172,19.7
1173,14.81
1174,14.2
1175,15.79
1176,10.19
1177,7.67
1178,19.07
1179,18.17
1180,9.5
1181,9.21
1182,14.86
1183,19.23
1184,17.09
1185,18.23
1186,18.1
1187,8.96
1188,18.66
1189,18.28
1190,19.97
1191,15.64
1192,18.09
1193,18.99
1194,14.96
1195,17.07
1196,15.86
1197,17.59
1198,15.86
1199,18.23
1200,15.57
1201,7.5
1202,17.37
1203,15.76
1204,18.04
1205,18.3
1206,14.55
1207,17.6
1208,20.41
1209,18.82
1210,15.65
1211,16.63
1212,16.5
1213,17.54
1214,14.06
1215,18.24
1216,7.48
1217,20.67
1218,16.24
1219,17.14
1220,18.24
1221,18.12
1222,18.56
1223,18.23
1224,16.06
1225,17.29
1226,18.72
1227,18.03
1228,15.82
1229,19.57
1230,17.4
1231,9.32
1232,13.47
1233,17.16
1234,19.19
1235,8.24
1236,14.53
1237,8.54
1238,16.14
1239,18.93
1240,16.02
1241,16.2
1242,7.14
1243,15.5
1244,18.11
1245,8.11
1246,16.92
1247,15.29
1248,14.62
1249,18.19
1250,14.65
1251,15.63
1252,17.5
1253,8.77
1254,13.53
1255,17.34
1256,13.83
1257,17.58
1258,9.64
1259,18.23
1260,15.35
1261,15.76
1262,15.23
1263,17.57
1264,16.09
1265,17.17
1266,17.53
1267,7.14
1268,17.19
1269,8.33
1270,18.64
1271,19.35
1272,8.33
1273,15.48
1274,14.38
1275,15.88
1276,19.05
1277,15.24
1278,18.47
1279,7.41
1280,15.49
1281,17.27
1282,17.75
1283,14.88
1284,18.65
1285,18.54
1286,18.49
1287,16.06
1288,14.95
1289,18.55
1290,8.47
1291,16.84
1292,17.37
1293,18.3
1294,16.97
1295,16.1
1296,16.6
1297,15.96
1298,14.79
1299,9.05
1300,14.29
1301,16.11
1302,17.97
1303,18.18
1304,16.78
1305,7.87
1306,7.94
1307,15.46
1308,7.91
1309,16.24
1310,15.68
1311,6.73
1312,16.09
1313,19.08
1314,7.46
1315,18.04
1316,16.74
1317,16.35
1318,16.54
1319,15.19
1320,18.16
1321,10.33
1322,8.57
1323,15.96
1324,18.39
1325,17.21
1326,17.71
1327,17.43
1328,16.44
1329,16.32
1330,15.28
1331,7.28
1332,14.2
1333,18.44
1334,15.22
1335,18.33
1336,7.55
1337,15.49
1338,14.99
1339,14.81
1340,18.22
1341,15.34
1342,15.84
1343,18.25
1344,14.69
1345,14.82
1346,15.7
1347,15.07
1348,17.68
1349,7.57
1350,15.75
1351,16.35
1352,16.16
1353,16.73
1354,9.84
1355,16.0
1356,16.76
1357,14.35
1358,16.67
1359,7.57
1360,17.02
1361,7.95
1362,18.7
1363,15.25
1364,16.52
1365,16.69
1366,9.29
1367,15.37
1368,16.03
1369,14.54
1370,15.55
1371,15.64
1372,9.56
1373,19.42
1374,19.73
1375,16.32
1376,14.12
1377,18.95
1378,15.38
1379,15.14
1380,7.39
1381,15.55
1382,14.0
1383,9.24
1384,18.42
1385,18.76
1386,17.91
1387,16.4
1388,7.45
1389,15.4
1390,6.51
1391,18.44
1392,20.03
1393,15.21
1394,10.53
1395,8.3
1396,15.3
1397,15.54
1398,17.14
1399,14.79
1400,13.09
1401,17.89
1402,15.09
1403,16.19
1404,15.17
1405,7.72
1406,14.9
1407,13.96
1408,16.47
1409,15.52
1410,18.28
1411,16.32
1412,17.7
1413,16.18
1414,15.4
1415,14.66
1416,14.77
1417,20.31
1418,16.56
1419,17.8
1420,19.43
1421,14.57
1422,15.81
1423,17.26
1424,15.58
1425,9.3
1426,17.88
1427,14.66
1428,16.37
1429,18.47
1430,7.92
1431,15.16
1432,17.46
1433,15.03
1434,14.38
1435,14.96
1436,16.72
1437,18.12
1438,17.5
1439,15.52
1440,17.1
1441,16.29
1442,16.85
1443,16.64
1444,16.16
1445,9.47
1446,18.92
1447,15.72
1448,7.17
1449,17.65
1450,7.94
1451,7.4
1452,18.87
1453,18.24
1454,16.81
1455,16.2
1456,18.18
1457,16.63
1458,20.68
1459,7.69
1460,15.82
1461,16.79
1462,9.2
1463,14.32
1464,19.39
1465,6.9
1466,19.47
1467,16.4
1468,16.1
1469,16.63
1470,18.22
1471,17.76
1472,17.88
1473,14.62
1474,18.08
1475,17.06
1476,19.65
1477,15.98
1478,16.12
1479,15.03
1480,15.45
1481,17.13
1482,14.49
1483,18.27
1484,17.07
1485,7.91
1486,14.89
1487,15.33
1488,14.4
1489,18.01
1490,17.84
1491,14.62
1492,14.88
1493,13.37
1494,16.54
1495,20.6
1496,16.98
1497,16.3
1498,14.49
1499,13.05
1500,16.05
1501,17.9
1502,18.76
1503,15.19
1504,18.35
1505,14.94
1506,16.75
1507,16.36
1508,16.67
1509,17.98
1510,16.38
1511,18.57
1512,14.18
1513,16.82
1514,17.26
1515,17.04
1516,20.18
1517,18.05
1518,18.29
1519,17.94
1520,18.37
1521,8.14
1522,15.94
1523,15.07
1524,8.37
1525,17.03
1526,15.61
1527,14.77
1528,16.95
1529,16.88
1530,16.81
1531,18.12
1532,17.5
1533,18.77
1534,14.97
1535,14.74
1536,19.54
1537,17.67
1538,18.84
1539,8.88
1540,14.71
1541,18.86
1542,16.01
1543,16.46
1544,15.91
1545,16.8
1546,16.48
1547,7.98
1548,18.31
1549,14.9
1550,18.33
1551,15.23
1552,16.39
1553,17.31
1554,16.13
1555,9.75
1556,19.65
1557,18.69
1558,17.92
1559,17.63
1560,15.87
1561,14.57
1562,10.714555
1563,16.2
1564,13.455012
1565,12.42878
1566,12.838463
1567,12.809132
1568,13.2
1569,12.457702
1570,14.5
1571,15.432661
1572,15.851213
1573,15.1
1574,15.7
1575,15.817744
1576,13.6
1577,13.709549
1578,12.060758
1579,11.935953
1580,13.274787
1581,14.2
1582,10.891505
1583,14.719401
1584,14.046591
1585,15.032907
1586,11.4672365
1587,15.9
1588,15.0
1589,13.5
1590,16.89673
1591,14.603718
1592,16.356358
1593,16.365017
1594,15.181543
1595,12.80333
1596,18.466234
1597,14.583684
1598,15.3
1599,14.407883
1600,20.49948
1601,14.127692
1602,14.1
1603,12.7
1604,14.027275
1605,17.456163
1606,14.5
1607,12.72692
1608,13.903986
1609,16.47034
1610,15.324436
1611,17.47
1612,16.332289
1613,15.414762
1614,12.780269
1615,14.2183485
1616,14.162765
1617,16.132042
1618,14.557052
1619,13.336734
1620,12.685324
1621,17.4
1622,13.858425
1623,14.785903
1624,17.076063
1625,12.550899
1626,17.6
1627,13.645149
1628,16.657436
1629,16.38
1630,18.64545
1631,16.505653
1632,17.134289
1633,12.902344
1634,12.831117
1635,14.622788
1636,15.139991
1637,15.4
1638,18.5
1639,13.449306
1640,14.066363
1641,16.173275
1642,14.092279
1643,15.8
1644,16.8
1645,15.6
1646,17.258501
1647,13.058625
1648,13.181161
1649,13.983287
1650,18.592628
1651,15.688792
1652,14.582477
1653,15.0
1654,14.4
1655,14.5
1656,14.5
1657,15.2
1658,19.15
1659,16.63868
1660,13.389849
1661,14.7
1662,15.2
1663,13.402061
1664,17.33036
1665,16.37
1666,14.609765
1667,13.566696
1668,9.914649
1669,17.662613
1670,11.228974
1671,18.16
1672,12.729576
1673,18.199142
1674,18.473492
1675,14.254062
1676,17.464684
1677,13.6
1678,17.067595
1679,17.063702
1680,13.788243
1681,16.742321
1682,15.6956005
1683,14.883721
1684,13.11315
1685,14.153269
1686,12.451591
1687,14.6
1688,16.308428
1689,14.8
1690,15.662529
1691,13.079723
1692,19.756403
1693,19.663914
1694,15.008542
1695,13.500217
1696,18.084984
1697,16.6
1698,16.18583
1699,17.595968
1700,14.588924
1701,11.369673
1702,17.44
1703,16.447369
1704,13.625343
1705,16.5
1706,14.4
1707,14.283092
1708,12.900927
1709,14.7
1710,13.207755
1711,16.88
1712,15.945632
1713,12.491325
1714,17.4
1715,17.894304
1716,15.5
1717,18.2
1718,15.163935
1719,13.752868
1720,16.640503
1721,17.3
1722,14.381233
1723,15.692251
1724,14.411843
1725,12.035812
1726,13.939535
1727,16.3
1728,15.2325735
1729,17.222723
1730,10.437549
1731,11.605288
1732,12.26132
1733,18.0
1734,16.130865
1735,21.656237
1736,14.294831
1737,15.864257
1738,14.226667
1739,14.134962
1740,16.52127
1741,13.464403
1742,15.0
1743,15.057019
1744,16.98
1745,13.980111
1746,15.650676
1747,16.2
1748,12.530324
1749,14.972217
1750,14.522502
1751,15.1
1752,13.053575
1753,13.246528
1754,16.653147
1755,14.588906
1756,17.47
1757,12.898331
1758,15.905585
1759,13.021062
1760,13.8
1761,16.1
1762,15.52802
1763,13.837517
1764,17.37
1765,16.363636
1766,13.98023
1767,13.313643
1768,14.824254
1769,15.300818
1770,16.96555
1771,13.3171425
1772,14.505992
1773,13.8
1774,17.4
1775,13.2314625
1776,18.640429
1777,13.2
1778,16.65
1779,13.495208
1780,17.857143
1781,15.666469
1782,15.1
1783,13.911704
1784,10.99388
1785,13.2
1786,13.788317
1787,15.49
1788,16.1
1789,14.538542
1790,16.363031
1791,17.105965
1792,11.299122
1793,16.31729
1794,14.7
1795,12.9
1796,11.4104
1797,14.617117
1798,9.816877
1799,16.3
1800,15.685323
1801,16.95
1802,10.21854
1803,14.296278
1804,15.7
1805,17.905243
1806,15.054135
1807,15.9344
1808,14.3
1809,16.084911
1810,12.436548
1811,16.523584
1812,12.788134
1813,15.674539
1814,17.08
1815,12.155344
1816,12.186898
1817,17.595655
1818,16.9
1819,17.84
1820,13.603726
1821,13.482816
1822,17.931034
1823,14.951936
1824,15.525114
1825,15.054906
1826,15.454756
1827,16.8
1828,12.193912
1829,15.2
1830,14.828336
1831,15.226275
1832,17.4
1833,15.1
1834,17.0
1835,14.451697
1836,15.740741
1837,16.8
1838,15.209684
1839,15.288239
1840,18.914886
1841,10.799736
1842,14.778782
1843,16.2
1844,13.7612915
1845,16.644129
1846,13.478805
1847,14.3
1848,11.955202
1849,12.54369
1850,13.7
1851,12.85367
1852,11.054521
1853,15.2
1854,16.3
1855,15.32129
1856,16.069365
1857,11.526861
1858,13.984756
1859,17.39
1860,14.4700775
1861,14.1
1862,21.136766
1863,16.28
1864,15.666667
1865,16.684282
1866,15.525746
1867,14.523311
1868,16.245306
1869,16.147516
1870,15.605366
1871,13.385403
1872,14.0
1873,15.650742
1874,18.63
1875,15.878902
1876,12.670525
1877,16.7
1878,17.085232
1879,17.34
1880,13.591664
1881,17.173805
1882,15.107121
1883,16.840485
1884,14.1486
1885,16.3
1886,16.24662
1887,13.810162
1888,13.790614
1889,16.44582
1890,15.3736315
1891,15.4
1892,14.968179
1893,13.501227
1894,13.95453
1895,15.67645
1896,14.8
1897,17.4
1898,15.247895
1899,12.709182
1900,17.0
1901,15.5
1902,16.7
1903,13.654618
1904,11.7156515
1905,13.0620985
1906,13.783403
1907,11.544904
1908,11.756823
1909,13.785428
1910,18.1
1911,17.34694
1912,15.2
1913,14.870384
1914,13.6
1915,20.082022
1916,16.864134
1917,13.745059
1918,15.638162
1919,14.933779
1920,14.5
1921,15.076336
1922,12.120738
1923,14.2
1924,15.824043
1925,14.093184
1926,14.651745
1927,10.989344
1928,14.908601
1929,13.794048
1930,14.643257
1931,15.5
1932,14.953722
1933,12.015721
1934,11.818524
1935,12.8
1936,12.5
1937,14.520461
1938,12.550531
1939,15.598027
1940,13.208962
1941,14.890017
1942,11.774292
1943,18.42
1944,16.1
1945,17.05355
1946,14.4
1947,11.930845
1948,11.064718
1949,16.586603
1950,13.739633
1951,15.123627
1952,15.7
1953,18.12
1954,11.423242
1955,12.4515505
1956,19.191597
1957,11.444653
1958,12.368323
1959,13.9
1960,9.623817
1961,14.156555
1962,13.6245985
1963,14.019105
1964,14.121178
1965,15.169156
1966,17.455917
1967,11.407605
1968,13.778205
1969,19.353214
1970,11.569388
1971,11.88212
1972,14.166928
1973,12.579035
1974,15.5
1975,14.07812
1976,14.773922
1977,17.520245
1978,12.885407
1979,14.263863
1980,14.56096
1981,13.408255
1982,14.351497
1983,16.664577
1984,15.541661
1985,16.42147
1986,15.658004
1987,14.774808
1988,12.8760805
1989,14.076961
1990,17.982077
1991,14.368194
1992,12.346939
1993,10.318089
1994,15.540113
1995,13.089517
1996,11.406274
1997,14.585476
1998,15.231078
1999,14.605025
2000,15.619263
2001,18.4
2002,13.706732
2003,16.5
2004,15.26686
2005,15.3
2006,11.265053
2007,17.19
2008,14.200332
2009,12.651745
2010,15.930421
2011,16.8
2012,13.409091
2013,13.784903
2014,15.502775
2015,12.750548
2016,14.173548
2017,14.928216
2018,12.976023
2019,13.580058
2020,14.40501
2021,13.357745
2022,13.282159
2023,15.0
2024,19.749262
2025,12.023137
2026,16.6
2027,13.53647
2028,15.22294
2029,15.132955
2030,17.3
2031,15.9
2032,11.656639
2033,14.4
2034,13.4
2035,17.494959
2036,18.649517
2037,17.338478
2038,18.89296
2039,16.569225
2040,16.109816
2041,14.363035
2042,17.996794
2043,11.541285
2044,13.1
2045,13.4
2046,13.047866
2047,13.1
2048,12.897087
2049,11.793187
2050,16.7
2051,16.5
2052,16.0
2053,15.1
2054,11.428912
2055,13.537404
2056,19.75
2057,14.2171755
2058,13.6
2059,13.953148
2060,14.204336
2061,13.385375
2062,13.095238
2063,14.348969
2064,13.294365
2065,14.491481
2066,12.651596
2067,16.3
2068,13.237577
2069,12.687238
2070,17.170582
2071,14.9
2072,15.082364
2073,13.737435
2074,17.6
2075,13.783135
2076,14.742367
2077,14.4
2078,13.379716
2079,14.4
2080,15.84027
2081,17.687767
2082,14.664706
2083,15.022976
2084,14.5
2085,14.258282
2086,14.538846
2087,13.774354
2088,15.49015
2089,15.7
2090,13.188538
2091,13.8708935
2092,11.812654
2093,16.45166
2094,18.21
2095,11.746733
2096,12.454557
2097,16.699947
2098,15.109378
2099,11.703732
2100,14.398722
2101,11.108847
2102,12.288211
2103,16.339098
2104,18.23
2105,12.618227
2106,14.3897505
2107,17.388792
2108,16.4
2109,13.115068
2110,14.114991
2111,16.271933
2112,13.5
2113,12.392726
2114,22.484135
2115,17.1
2116,12.697352
2117,18.14
2118,15.245173
2119,16.549122
2120,22.036375
2121,14.494487
2122,17.497614
2123,17.601002
2124,13.2
2125,16.2509
2126,17.0
2127,16.519518
2128,15.4
2129,14.993122
2130,12.434767
2131,14.761489
2132,14.798958
2133,16.2
2134,13.07855
2135,14.1
2136,17.963224
2137,15.4
2138,16.0
2139,14.661412
2140,15.938215
2141,16.8
2142,14.484127
2143,11.574074
2144,17.074337
2145,17.794239
2146,15.658592
2147,15.479561
2148,14.868753
2149,12.848605
2150,14.647631
2151,15.778688
2152,13.09371
2153,16.7943
2154,15.570029
2155,14.603575
2156,13.473848
2157,13.855556
2158,13.721338
2159,11.465603
2160,15.227101
2161,13.167939
2162,13.626325
2163,12.734082
2164,13.207547
2165,16.2444
2166,11.149228
2167,15.850317
2168,14.78528
2169,15.9952135
2170,13.216751
2171,13.403614
2172,16.770912
2173,14.071894
2174,14.691833
2175,14.617044
2176,16.777134
2177,15.263202
2178,12.024353
2179,13.095911
2180,15.760112
2181,13.247489
2182,14.51965
2183,17.898193
2184,12.260248
2185,16.997168
2186,12.602291
2187,15.074101
2188,13.482378
2189,11.355932
2190,16.327467
2191,14.209115
2192,15.778906
2193,15.603799
2194,13.294549
2195,9.789157
2196,16.956463
2197,14.629325
2198,10.921178
2199,14.941704
2200,12.684729
2201,15.075825
2202,16.136507
2203,12.104539
2204,13.782658
2205,17.534954
2206,11.045655
2207,15.034965
2208,16.573706
2209,15.732992
2210,13.209277
2211,14.1667595
2212,14.626649
2213,13.45046
2214,14.52285
2215,13.585411
2216,16.594307
2217,16.498339
2218,15.654586
2219,14.670241
2220,17.73281
2221,15.86737
2222,14.301552
2223,17.203756
2224,17.233028
2225,14.802454
2226,14.379353
2227,14.237496
2228,15.047022
2229,18.62316
2230,16.269644
2231,14.742379
2232,15.647524
2233,12.834126
2234,13.7651
2235,16.70574
2236,14.134275
2237,15.954127
2238,14.690599
2239,14.485528
2240,15.096053
2241,17.332952
2242,15.669696
2243,17.2309
2244,12.630014
2245,12.851897
2246,16.052038
2247,16.643822
2248,15.040755
2249,14.46349
2250,13.485904
2251,16.423777
2252,16.351025
2253,15.745356
2254,16.899307
2255,12.0
2256,16.48385
2257,14.87743
2258,13.680331
2259,12.57971
2260,15.814394
2261,14.522821
2262,12.828947
2263,15.772303
2264,11.8586645
2265,17.037464
2266,15.547113
2267,14.931651
2268,11.435239
2269,18.489037
2270,16.437693
2271,14.141802
2272,14.51779
2273,12.088975
2274,18.36456
2275,14.881763
2276,15.953003
2277,9.058615
2278,15.62016
2279,13.602638
2280,16.721783
2281,15.646258
2282,16.221968
2283,15.994212
2284,15.245165
2285,15.060476
2286,14.392316
2287,17.554958
2288,15.157844
2289,14.487536
2290,15.347722
2291,13.0622835
2292,11.791045
2293,14.12627
2294,13.043478
2295,18.211723
2296,17.514091
2297,15.437393
2298,16.66998
2299,14.689091
2300,14.930246
2301,12.65625
2302,14.46281
2303,12.841855
2304,16.092844
2305,13.354281
2306,16.09816
2307,13.828645
2308,14.614025
2309,17.807184
2310,18.050335
2311,11.457036
2312,14.182118
2313,16.568953
2314,17.399961
2315,17.12651
2316,16.472126
2317,15.707965
2318,11.239496
2319,14.756293
2320,12.7027025
2321,12.27652
2322,14.435146
2323,14.170101
2324,12.212213
2325,15.470199
2326,18.913301
2327,15.933122
2328,17.653858
2329,14.050945
2330,12.593703
2331,16.423025
2332,16.834866
2333,17.196491
2334,16.328342
2335,14.132852
2336,15.247525
2337,15.177265
2338,15.285021
2339,16.565502
2340,15.975928
2341,14.998502
2342,10.497237
2343,15.119784
2344,13.843253
2345,16.123188
2346,15.670639
2347,11.071428
2348,15.085389
2349,12.179487
2350,15.274261
2351,15.749354
2352,14.079422
2353,17.49843
2354,17.109808
2355,11.2038145
2356,17.187235
2357,15.02612
2358,15.398717
2359,17.41468
2360,17.117348
2361,14.100918
2362,15.723866
2363,15.368567
2364,15.583928
2365,15.194605
2366,11.7519045
2367,10.638298
2368,15.341225
2369,13.81729
2370,14.896714
2371,13.75777
2372,15.155616
2373,11.330698
2374,12.790698
2375,17.7471
2376,15.384615
2377,12.068966
2378,14.847915
2379,16.092028
2380,14.595392
2381,16.023775
2382,13.658537
2383,13.512764
2384,14.245944
2385,13.430482
2386,14.676339
2387,14.246784
2388,15.191433
2389,14.57704
2390,16.012856
2391,12.525667
2392,13.542646
2393,12.580646
2394,17.486752
2395,18.260656
2396,13.727237
